autotime,bustime,dtime,auto
52.9,4.4,-4.85,0
4.1,28.5,2.44,0
4.1,86.9,8.28,1
56.2,31.6,-2.46,0
51.8,20.2,-3.16,0
0.2,91.2,9.1,1
27.6,79.7,5.21,1
89.9,2.2,-8.77,0
41.5,24.5,-1.7,0
95.0,43.5,-5.15,0
99.1,8.4,-9.07,0
18.5,84.0,6.55,1
82.0,38.0,-4.4,1
8.6,1.6,-0.7,0
22.5,74.1,5.16,1
51.4,83.8,3.2399999999999998,1
81.0,19.2,-6.18,0
51.0,85.0,3.4,1
62.2,90.1,2.79,1
95.1,22.2,-7.290000000000001,0
41.6,91.5,4.99,1
